relative_path,filename,main_document,fell_back,n_regions,x0,y0,x1,y1,width,height
hand/KA_1/667_SAGent_Bijloke_E40 (1).JPG,667_SAGent_Bijloke_E40 (1).JPG,1,0,2,122,406,2875,1729,3000,4000
hand/KA_1/668_SAGent_Bijloke_E41 (1).JPG,668_SAGent_Bijloke_E41 (1).JPG,1,0,2,71,764,2997,3286,3000,4000
hand/KA_10/672_SAGent_Bijloke_F33 (1).JPG,672_SAGent_Bijloke_F33 (1).JPG,1,0,8,133,666,3938,2165,4000,3000
hand/KA_10/673_SAGent_Bijloke_F34 (1).JPG,673_SAGent_Bijloke_F34 (1).JPG,1,0,2,473,93,3698,1505,4000,3000
hand/KA_11/675_SAGent_Bijloke_F38 (1).JPG,675_SAGent_Bijloke_F38 (1).JPG,1,0,2,313,346,3931,2165,4000,3000
hand/KA_12/656_RAGent_GW2_684_1.jpg,656_RAGent_GW2_684_1.jpg,1,0,26,242,1311,3337,2853,3511,5039
hand/KA_12/709_ADN Lille_Archives hospitalières_Hôpital Comtesse_Titres isolés_88_1.jpeg,709_ADN Lille_Archives hospitalières_Hôpital Comtesse_Titres isolés_88_1.jpeg,1,0,3,922,556,3715,1452,4032,3024
hand/KA_2/487_AM Lille_PAT_6-66_1.jpg,487_AM Lille_PAT_6-66_1.jpg,1,0,1,308,190,4357,2681,4632,4076
hand/KA_8/486_AM Lille_PAT-118_2156_2.jpeg,486_AM Lille_PAT-118_2156_2.jpeg,1,0,4,255,389,3990,1866,4032,3024
hand/KA_8/543_AM Lille_PAT-6-67.jpg,543_AM Lille_PAT-6-67.jpg,1,0,1,194,261,3036,1685,3222,3797
hand/KA_8/660_RA Bergen AEM.08.001_58_1.jpg,660_RA Bergen AEM.08.001_58_1.jpg,1,0,2,434,400,5747,2192,6251,5145
hand/KA_8/661_RA Bergen AEM.08.001_56_1.jpg,661_RA Bergen AEM.08.001_56_1.jpg,1,0,2,308,382,4321,3087,4557,3310
hand/KA_8/662_RA Bergen AEM.08.001_52_1.jpg,662_RA Bergen AEM.08.001_52_1.jpg,1,0,4,328,529,7404,6220,7824,8215
hand/KA_8/663_RA Bergen AEM.08.001_53_1.jpg,663_RA Bergen AEM.08.001_53_1.jpg,1,0,4,6213,2997,9524,4547,15748,10992
hand/KA_8/664_RA Bergen AEM.08.001_38_1.jpg,664_RA Bergen AEM.08.001_38_1.jpg,1,0,7,263,252,3715,2515,3958,4550
hand/KA_8/669_SAGent_Bijloke_F17 (1).JPG,669_SAGent_Bijloke_F17 (1).JPG,1,0,3,493,20,3484,1718,4000,3000
hand/KA_8/671_SAGent_Bijloke_F29 (1).JPG,671_SAGent_Bijloke_F29 (1).JPG,1,0,1,101,233,2937,3020,3000,4000
hand/KA_8/674_SAGent_Bijloke_F35 (1).JPG,674_SAGent_Bijloke_F35 (1).JPG,1,0,4,493,53,3425,1905,4000,3000
hand/KA_8/701_AM Lille_PAT-120-2192_1.jpg,701_AM Lille_PAT-120-2192_1.jpg,1,0,1,124,171,3040,2413,3155,4297
hand/KA_8/702_ADN Lille_Archives hospitalières_Hôpital Comtesse_Titres isolés_69_1.jpeg,702_ADN Lille_Archives hospitalières_Hôpital Comtesse_Titres isolés_69_1.jpeg,1,0,9,591,551,3633,1234,4032,3024
hand/KA_8/703_ADN Lille_Archives hospitalières_Hôpital Comtesse_Titres isolés_70_1.jpeg,703_ADN Lille_Archives hospitalières_Hôpital Comtesse_Titres isolés_70_1.jpeg,1,0,1,1323,262,3076,1080,4032,3024
hand/KA_8/707_ADN Lille_Archives hospitalières_Hôpital Comtesse_Titres isolés_75_2.jpeg,707_ADN Lille_Archives hospitalières_Hôpital Comtesse_Titres isolés_75_2.jpeg,1,0,1,376,315,3718,2034,4032,3024
hand/KA_8/708_ADN Lille_Archives hospitalières_Hôpital Comtesse_Titres isolés_86_2.jpeg,708_ADN Lille_Archives hospitalières_Hôpital Comtesse_Titres isolés_86_2.jpeg,1,0,29,376,787,3788,1617,4032,3024
hand/KA_8/710_ADN Lille_Archives hospitalières_Hôpital Comtesse_Titres isolés_81_2.jpeg,710_ADN Lille_Archives hospitalières_Hôpital Comtesse_Titres isolés_81_2.jpeg,1,0,1,181,752,3727,2121,4032,3024
hand/KA_8/712_ADN Lille_Archives hospitalières_Hôpital Comtesse_Titres isolés_92_2.jpeg,712_ADN Lille_Archives hospitalières_Hôpital Comtesse_Titres isolés_92_2.jpeg,1,0,2,356,181,3687,2162,4032,3024
hand/KA_9/670_SAGent_Bijloke_F26 (1).JPG,670_SAGent_Bijloke_F26 (1).JPG,1,0,4,196,789,3977,1426,4000,3000
unattributed/665_1_RABergen_ AEM.08.001_27.jpg,665_1_RABergen_ AEM.08.001_27.jpg,1,0,3,250,335,2680,1974,2951,2651
unattributed/676_SAGent_Bijloke_F40 (1).JPG,676_SAGent_Bijloke_F40 (1).JPG,1,0,2,40,313,3971,1031,4000,3000
unattributed/689_AM Lille_PAT-178_3825_2.jpeg,689_AM Lille_PAT-178_3825_2.jpeg,1,0,15,220,262,3983,2173,4032,3024
unattributed/704_ADN Lille_Archives hospitalières_Hôpital Comtesse_Titres isolés_62_2.jpeg,704_ADN Lille_Archives hospitalières_Hôpital Comtesse_Titres isolés_62_2.jpeg,1,0,1,375,396,3691,1859,4032,3024
unattributed/705_ADN Lille_Archives hospitalières_Hôpital Comtesse_Titres isolés_64_2.jpeg,705_ADN Lille_Archives hospitalières_Hôpital Comtesse_Titres isolés_64_2.jpeg,1,0,4,423,517,3808,1920,4032,3024
unattributed/706_ADN Lille_Archives hospitalières_Hôpital Comtesse_Titres isolés_76_1.jpeg,706_ADN Lille_Archives hospitalières_Hôpital Comtesse_Titres isolés_76_1.jpeg,1,0,1,645,362,3727,1926,4032,3024
